latitude,longitude,Address
40.0968971252441,-74.8514404296875,"512, Radcliffe Street, Bristol, Bucks County, Pennsylvania, 19007, United States"
40.0441246032714,-74.8816833496093,"62, Bolton Lane, Buckingham Park, Willingboro Township, Burlington County, New Jersey, 08046, United States"
40.0580940246582,-74.9702377319336,"391, River Road, Torresdale Manor, Bensalem Township, Bucks County, Pennsylvania, 19020, United States"
40.0819091796875,-74.9107437133789,"Oak Lane, Bensalem Township, Bucks County, Pennsylvania, 19021, United States"
40.1013526916503,-74.8670196533203,"Bristol Pike, Bristol, Bucks County, Pennsylvania, 19007, United States"
40.0164642333984,-74.875,"52, Gallaway Lane, Garfield Park, Willingboro Township, Burlington County, New Jersey, 08046, United States"
40.0400009155273,-74.8969497680664,"34, Felter Place, Charleston, Willingboro Township, Burlington County, New Jersey, 08046, United States"
40.0988311767578,-74.8570404052734,"Snyder Elementary School, Delaware Canal Towpath, Bristol, Bucks County, Pennsylvania, 19007, United States"
40.080940246582,-74.8517684936523,"188, Tatham Street, Burlington, Burlington County, New Jersey, 08016, United States"
40.0781784057617,-74.8589859008789,"Burlington Quaker Meeting House & Center for Conference, 340, High Street, Burlington, Burlington County, New Jersey, 08016, United States"
40.0763854980468,-74.8492279052734,"Burlington, Burlington County, New Jersey, 08016, United States"
40.097068786621,-74.8676605224609,"545, Otter Street, Bristol, Bucks County, Pennsylvania, 19007, United States"
40.0594329833984,-74.9654769897461,"Tennis Avenue, Torresdale Manor, Bensalem Township, Bucks County, Pennsylvania, 08075, United States"
40.0262069702148,-74.8948898315429,"35, Marshal Lane, Millbrook Park, Willingboro Township, Burlington County, New Jersey, 08046, United States"
40.1618347167968,-74.8369064331054,"51, Huckleberry Lane, Holly Hill, Levittown, Bristol Township, Bucks County, Pennsylvania, 19055, United States"
40.0164604187011,-74.8749923706054,"54, Gallaway Lane, Garfield Park, Willingboro Township, Burlington County, New Jersey, 08046, United States"
40.1391944885253,-74.9123840332031,"Bensalem Boulevard, Bensalem Township, Bucks County, Pennsylvania, 19056, United States"
40.0789489746093,-74.8583755493164,"Burlington Quaker Meeting House & Center for Conference, 340, High Street, Burlington, Burlington County, New Jersey, 08016, United States"
40.0789146423339,-75.0352096557617,"1946, Goodnaw Street, Bustleton, Far Northeast Philadelphia, Philadelphia, Philadelphia County, Pennsylvania, 19115, United States"
40.0655708312988,-74.9806976318359,"Red Lion Lane, Bensalem Township, Bucks County, Pennsylvania, 19154, United States"
39.9481620788574,-75.0020523071289,"98, West Center Avenue, Maple Shade Township, Burlington County, New Jersey, 08052, United States"
40.0000648498535,-75.0049591064453,"1357, Golf Road, Riverton, Cinnaminson Township, Burlington County, New Jersey, 08077, United States"
40.0757293701171,-74.8536911010742,"543, York Street, Burlington, Burlington County, New Jersey, 08016, United States"
40.0463790893554,-75.0242691040039,"3404, Hess Street, Holmesburg, Philadelphia, Philadelphia County, Pennsylvania, 19136, United States"
40.0400047302246,-74.8969573974609,"36, Felter Place, Charleston, Willingboro Township, Burlington County, New Jersey, 08046, United States"
40.001537322998,-75.0224075317382,"70, Spring Garden Street, Palmyra, Burlington County, New Jersey, 08065, United States"
40.0546684265136,-75.0053329467773,"9192, Frankford Avenue, Torresdale, Philadelphia, Philadelphia County, Pennsylvania, 19114, United States"
40.061424255371,-74.9842758178711,"4215, Lackland Place, Chestnut Wood Village, Philadelphia, Philadelphia County, Pennsylvania, 19114, United States"
40.0062866210937,-74.9746856689453,"2635, Burlington Pike, New Albany, Cinnaminson Township, Burlington County, New Jersey, 08077, United States"
39.9614295959472,-74.9950790405273,"Park Avenue, Maple Shade Township, Burlington County, New Jersey, 08052, United States"
40.0234375,-75.0416564941406,"4910, Longshore Avenue, Tacony, Philadelphia, Philadelphia County, Pennsylvania, 19136, United States"
39.9396095275878,-74.9292221069336,"51, Camelia Lane, Twin Ponds at Birchfield, Birchfield, Mount Laurel Township, Burlington County, New Jersey, 08054, United States"
39.9218368530273,-75.1785812377929,"1901, Ritner Street, Girard Estates, South Philadelphia, Philadelphia, Philadelphia County, Pennsylvania, 19145, United States"
39.8247871398925,-75.0784454345703,"598, Pine Run Drive, Hilltop, Gloucester Township, Camden County, New Jersey, 08012, United States"
39.9283027648925,-75.1728820800781,"1808, South Bancroft Street, Point Breeze, South Philadelphia, Philadelphia, Philadelphia County, Pennsylvania, 19145, United States"
39.9297981262207,-75.1503982543945,"1400, East Moyamensing Avenue, Pennsport, South Philadelphia, Philadelphia, Philadelphia County, Pennsylvania, 19147, United States"
39.8388786315918,-75.1514282226562,"42, Newton Avenue, Woodbury, Gloucester County, New Jersey, 08096, United States"
39.8397712707519,-75.1501235961914,"Gloucester County Superior Court, 70, Hunter Street, Woodbury, Gloucester County, New Jersey, 08096, United States"
39.7709274291992,-75.1358871459961,"731, Woodbury-Glassboro Road, Mantua Township, Gloucester County, New Jersey, 08080, United States"
39.8377685546875,-75.1461791992187,"245, Hunter Street, Woodbury, Gloucester County, New Jersey, 08096, United States"
39.9292945861816,-75.1510467529296,"312, Dickinson Street, Point Breeze, South Philadelphia, Philadelphia, Philadelphia County, Pennsylvania, 19147, United States"
39.9379005432128,-75.1563034057617,"917, South 8th Street, Bella Vista, South Philadelphia, Philadelphia, Philadelphia County, Pennsylvania, 19147, United States"
39.8669929504394,-75.0964965820312,"339, Windsor Drive, Bellmawr, Camden County, New Jersey, 08031, United States"
39.9229660034179,-75.1547393798828,"2025, South 5th Street, Whitman, South Philadelphia, Philadelphia, Philadelphia County, Pennsylvania, 19148, United States"
39.8748054504394,-75.1137542724609,"1123, Howard Avenue, Bellmawr, Camden County, New Jersey, 08031, United States"
39.9200935363769,-75.2558517456054,"698, Fern Street, Darby, Delaware County, Pennsylvania, 19023, United States"
39.8378601074218,-75.1520385742187,"30, Cooper Street, Woodbury, Gloucester County, New Jersey, 08096, United States"
39.9342727661132,-75.1548233032226,"603, Annin Street, Little Saigon, South Philadelphia, Philadelphia, Philadelphia County, Pennsylvania, 19147, United States"
39.9218444824218,-75.1785736083984,"1901, Ritner Street, Girard Estates, South Philadelphia, Philadelphia, Philadelphia County, Pennsylvania, 19145, United States"
39.932559967041,-75.1604080200195,"1334, East Passyunk Avenue, Little Saigon, South Philadelphia, Philadelphia, Philadelphia County, Pennsylvania, 19148, United States"
39.7272300720214,-74.9731903076171,"Sicklerville, Winslow Township, Camden County, New Jersey, 08081, United States"
39.8041877746582,-74.9676208496093,"78, New Freedom Road, Lindenwold, Camden County, New Jersey, 08021, United States"
39.756549835205,-75.0037155151367,"Prospect Avenue, Bishop Wood, Gloucester Township, Camden County, New Jersey, 08081, United States"
39.8008728027343,-74.8932571411132,"620, Kettle Run Road, Crowfoot, Evesham Township, Burlington County, New Jersey, 08053, United States"
39.7270011901855,-74.9767074584961,"Sickler Avenue, Sicklerville, Winslow Township, Camden County, New Jersey, 08081, United States"
39.7459335327148,-74.974250793457,"98, Cross Hill Road, Winslow Township, Camden County, New Jersey, 08081, United States"
39.8119621276855,-75.0203704833984,"112, Chadwick Road, Brownsville, Lindenwold, Camden County, New Jersey, 08021, United States"
39.6582908630371,-74.8535919189453,"Hammonton Road, Winslow Township, Camden County, New Jersey, 08037, United States"
39.6887741088867,-74.984504699707,"169, Princeton Place, Williamstown, Monroe Township, Gloucester County, New Jersey, 08094, United States"
39.6777801513671,-75.0037689208984,"Clayton Avenue, Williamstown, Monroe Township, Gloucester County, New Jersey, 08094, United States"
39.7941093444824,-74.9350967407226,"201, Thackara Avenue, Reed Crossing, Berlin, Camden County, New Jersey, 08009, United States"
39.7050132751464,-74.9560165405273,"27, Pittman Lane, Winslow Crossing, Sicklerville, Winslow Township, Camden County, New Jersey, 08081, United States"
39.6794738769531,-75.1129760742187,"559, 2nd Avenue, Elk Township, Gloucester County, New Jersey, 08028, United States"
39.7246017456054,-74.9750213623046,"534, Sickler Avenue, Sicklerville, Winslow Township, Camden County, New Jersey, 08081, United States"
39.8557205200195,-75.0355606079101,"227, Madison Avenue West, Greenland, Magnolia, Camden County, New Jersey, 08049, United States"
39.9528617858886,-75.1454315185546,"122, North 3rd Street, Center City, Philadelphia, Philadelphia County, Pennsylvania, 19106, United States"
39.9626693725585,-75.0707092285156,"1574, West River Drive, Delaware Gardens, Merchantville, Pennsauken Township, Camden County, New Jersey, 08110, United States"
39.9456787109375,-75.1172409057617,"South Jersey AIDS Alliance, 112, North 7th Street, Downtown, Camden, Camden County, New Jersey, 08103, United States"
39.9615592956543,-75.0683135986328,"4889, Pleasant Avenue, Delaware Gardens, Pennsauken Township, Camden County, New Jersey, 08110, United States"
39.9526710510253,-75.1194229125976,"501, Larch Street, Pyne Point, Camden, Camden County, New Jersey, 08102, United States"
39.9511795043945,-75.1188583374023,"Cedar Street, Pyne Point, Camden, Camden County, New Jersey, 08102, United States"
39.9410285949707,-75.1217575073242,"445, Benson Street, Lanning Square, Camden, Camden County, New Jersey, 08103, United States"
39.9527587890625,-75.1453475952148,"118, North 3rd Street, Center City, Philadelphia, Philadelphia County, Pennsylvania, 19106, United States"
39.9481010437011,-75.1433029174804,"Buffalo Billiards, 118, Chestnut Street, Society Hill, Center City, Philadelphia, Philadelphia County, Pennsylvania, 19106, United States"
39.9406509399414,-75.1443634033203,"610, South Front Street, Queen Village, South Philadelphia, Philadelphia, Philadelphia County, Pennsylvania, 19106, United States"
39.9359588623046,-75.1238403320312,"324, Pine Street, Central Waterfront, Whitman Park, Camden, Camden County, New Jersey, 08103, United States"
39.9439010620117,-75.1478424072265,"316, Delancey Street, Society Hill, Center City, Philadelphia, Philadelphia County, Pennsylvania, 19106, United States"
39.9482955932617,-75.1439971923828,"Little Susie's Coffee & Pie, 105, South 2nd Street, Society Hill, Center City, Philadelphia, Philadelphia County, Pennsylvania, 19106, United States"
39.955638885498,-75.1435165405273,"Vine Street, Center City, Philadelphia, Philadelphia County, Pennsylvania, 19106, United States"
39.9530487060546,-75.1432876586914,"140, North 2nd Street, Center City, Philadelphia, Philadelphia County, Pennsylvania, 19106, United States"
39.9382972717285,-75.1472091674804,"229, Fulton Street, Queen Village, South Philadelphia, Philadelphia, Philadelphia County, Pennsylvania, 19147, United States"
39.9560737609863,-75.1453247070312,"315, Vine Street, Center City, Philadelphia, Philadelphia County, Pennsylvania, 19106, United States"
39.9484405517578,-75.1433868408203,"115, Chestnut Street, Society Hill, Center City, Philadelphia, Philadelphia County, Pennsylvania, 19106, United States"
39.9595985412597,-75.0533981323242,"6243, Grant Avenue, Merchantville, Pennsauken Township, Camden County, New Jersey, 08109, United States"
39.9745788574218,-75.1323165893554,"414, Sepviva Street, Fishtown, Philadelphia, Philadelphia County, Pennsylvania, 19125, United States"
39.967658996582,-75.1355895996093,"1119, Leopard Street, Northern Liberties, Philadelphia, Philadelphia County, Pennsylvania, 19125, United States"
39.9421806335449,-75.0623397827148,"5477, Gaumer Avenue, Merchantville, Pennsauken Township, Camden County, New Jersey, 08109, United States"
39.9626998901367,-75.0669021606445,"1645, Tinsman Avenue, Delaware Gardens, Merchantville, Pennsauken Township, Camden County, New Jersey, 08110, United States"
39.9704246520996,-75.1188354492187,"Northbank, Philadelphia, Philadelphia County, Pennsylvania, 19125, United States"
39.9707603454589,-75.1184692382812,"Northbank, Philadelphia, Philadelphia County, Pennsylvania, 19125, United States"
39.97314453125,-75.1354446411132,"106, Jefferson Street, Fishtown, Philadelphia, Philadelphia County, Pennsylvania, 19122, United States"
39.9709510803222,-75.1252365112304,"1103, East Berks Street, Fishtown, Philadelphia, Philadelphia County, Pennsylvania, 19125, United States"
39.9517288208007,-75.110122680664,"State Street, Cramer Hill, Ablett Village, Camden, Camden County, New Jersey, 08102, United States"
39.9705810546875,-75.1361770629882,"1303, Hope Street, Fishtown, Philadelphia, Philadelphia County, Pennsylvania, 19133, United States"
39.9703712463378,-75.1339797973632,"1248, Day Street, Fishtown, Philadelphia, Philadelphia County, Pennsylvania, 19125, United States"
39.9617195129394,-75.1352157592773,"Penn Street Trail, Northern Liberties, Philadelphia, Philadelphia County, Pennsylvania, 19123, United States"
39.9717063903808,-75.1167907714843,"Northbank, Philadelphia, Philadelphia County, Pennsylvania, 19125, United States"
39.9948081970214,-75.0199737548828,"61, Lejune Road, Cinnaminson Township, Burlington County, New Jersey, 08077, United States"
39.9718322753906,-75.1168899536132,"Northbank, Philadelphia, Philadelphia County, Pennsylvania, 19125, United States"
40.2300491333007,-74.7464981079101,"The House of God, 32, Dickinson Street, Trenton, Mercer County, New Jersey, 08638, United States"
40.2744789123535,-74.8025817871093,"289, Upper Ferry Road, Ewing, Ewing Township, Mercer County, New Jersey, 08628, United States"
40.2712745666503,-74.7338027954101,"187, Darrah Lane, Birchwood Estates, Sturwood Hamlet, Lawrence Township, Mercer County, New Jersey, 08648, United States"
40.2516975402832,-74.7652740478515,"Alfred Reed School, 12th Street, Prospect Heights, Ewing Township, Mercer County, New Jersey, 08638, United States"
40.2304000854492,-74.7536392211914,"Trenton Freeway, North Trenton, Trenton, Mercer County, New Jersey, 08604, United States"
40.22119140625,-74.7683410644531,"1, Capitol Street, Central West, Trenton, Mercer County, New Jersey, 08618, United States"
40.2211875915527,-74.7683563232421,"1, Capitol Street, Central West, Trenton, Mercer County, New Jersey, 08618, United States"
40.2673988342285,-74.7355270385742,"American Legion Post 414, 100, Berwyn Place, Birchwood Estates, Sturwood Hamlet, Lawrence Township, Mercer County, New Jersey, 08648, United States"
40.249698638916,-74.8342971801757,"Country Lane, River Edge Apartments, Wilburtha, Ewing Township, Mercer County, New Jersey, 08628, United States"
40.2615776062011,-74.7577438354492,"1094, Whitehead Road, Heath Manor, Ewing Township, Mercer County, New Jersey, 08638, United States"
40.2055702209472,-74.7947540283203,"554, Doloro Drive, Morrisville, Bucks County, Pennsylvania, 19067, United States"
40.2438659667968,-74.8368682861328,"61, East Afton Avenue, Yardley, Bucks County, Pennsylvania, 19067, United States"
40.237018585205,-74.7648162841796,"Beakes Street, Hill Industrial Park, Prospect Park, Ewing Township, Mercer County, New Jersey, 08618, United States"
40.2301292419433,-74.8018569946289,"Bucks County Cottage on the Delaware, 699, River Road, Yardley, Bucks County, Pennsylvania, 19067, United States"
40.2123756408691,-74.7220001220703,"77, Edwin Avenue, Hamilton Township, Mercer County, New Jersey, 08610, United States"
40.2250709533691,-74.7774810791015,"Delaware & Raritan Canal Towpath, Perdicaris Place, Trenton, Mercer County, New Jersey, 08618, United States"
40.2055587768554,-74.7947463989257,"554, Doloro Drive, Morrisville, Bucks County, Pennsylvania, 19067, United States"
40.2470970153808,-74.7390975952148,"782, Pilgrim Avenue, Harneys Corner, Lawrence Township, Mercer County, New Jersey, 08648, United States"
39.8604774475097,-74.7999649047851,"163, Chippewa Trail, Medford Lakes, Burlington County, New Jersey, 08055, United States"
39.7565383911132,-75.0037078857421,"Prospect Avenue, Bishop Wood, Gloucester Township, Camden County, New Jersey, 08081, United States"
39.9015998840332,-74.9604034423828,"Santander, 1970, Cobble Creek Circle, Highland, Greentree, Cherry Hill Township, Camden County, New Jersey, 08003, United States"
39.8943862915039,-74.9740371704101,"53, Cameo Drive, Charleston East, Cherry Hill Township, Camden County, New Jersey, 08003, United States"
39.8456268310546,-74.8500595092773,"59, Piney Run Road, Taunton Lake, Medford Township, Burlington County, New Jersey, 08055, United States"
39.7910194396972,-74.9240417480468,"58, Jefferson Avenue, Reed Crossing, Berlin, Camden County, New Jersey, 08009, United States"
39.8669891357421,-75.0964889526367,"339, Windsor Drive, Bellmawr, Camden County, New Jersey, 08031, United States"
39.8596458435058,-75.0258712768554,"99, Spicer Place, Lawnside, Camden County, New Jersey, 08045, United States"
39.905475616455,-75.0218658447265,"Park Boulevard, Cherry Hill Township, Camden County, New Jersey, 08034, United States"
39.8008804321289,-74.8932418823242,"620, Kettle Run Road, Crowfoot, Evesham Township, Burlington County, New Jersey, 08053, United States"
39.8026428222656,-74.8938522338867,"618, Hopewell Road, Crowfoot, Evesham Township, Burlington County, New Jersey, 08055, United States"
40.0708122253418,-75.1262664794921,"390, Harrison Avenue, Elkins Park, Elkins Park Gardens, Cheltenham, Cheltenham Township, Montgomery County, Pennsylvania, 19027, United States"
38.7422409057617,-75.1461334228515,"34670, Villa Circle, The Villas at Bay Crossing, Carpenters Corner, Lewes, Sussex County, Delaware, 19958, United States"
40.1722183227539,-74.0230712890625,"1718, Newman Street, Lake Como, Monmouth County, New Jersey, 07719, United States"
39.9419021606445,-74.0784225463867,"328, Sumner Avenue, Seaside Heights, Ocean County, New Jersey, 08751, United States"
38.7172393798828,-75.1151733398437,"36574, Palm Drive, The Palms, Camelot Mobile Home Park, Sussex County, Delaware, 19971, United States"
38.7066841125488,-75.0896759033203,"Rehoboth Inn, 20494, Coastal Highway, Rehoboth Manor, Rehoboth Beach, Sussex County, Delaware, 19971, United States"
39.3625602722168,-74.4181823730468,"Boardwalk, Ducktown, Atlantic City, Atlantic County, New Jersey, 08406, United States"
38.7162742614746,-75.1040649414062,"19994, Sandy Bottom Circle, Rehoboth Crossing, West Rehoboth, Rehoboth Beach, Sussex County, Delaware, 19971, United States"
40.212661743164,-74.0057296752929,"37, Pitman Avenue, Ocean Grove, Neptune Township, Monmouth County, New Jersey, 07756, United States"
38.7050666809082,-75.09912109375,"4500, Sandpiper Drive, Captiva Sands, Bay Harbor, Sussex County, Delaware, 19971, United States"
39.3688850402832,-74.4216232299804,"Mousa's Market, 230, New Jersey Avenue, Inlet, Atlantic City, Atlantic County, New Jersey, 08401, United States"
39.2777023315429,-74.5754623413086,"Wesley Avenue, The Gardens, Ocean City, Cape May County, New Jersey, 08226, United States"
39.9661293029785,-75.2457275390625,"211, North 63rd Street, Philadelphia, Philadelphia County, Pennsylvania, 19151, United States"
39.3660659790039,-74.4121704101562,"135, Seaside Avenue, Inlet, Atlantic City, Atlantic County, New Jersey, 08401, United States"
38.73140335083,-75.1307601928711,"35570, East Atlantic Circle, Truitts Midway Development, Aspen Meadows, Rehoboth Beach, Sussex County, Delaware, 19971, United States"
39.0013046264648,-74.8060455322265,"258, West 16th Avenue, North Wildwood, Cape May County, New Jersey, 08260, United States"
38.9847259521484,-74.8157882690429,"Nantucket Motel, East Youngs Avenue, Wildwood, Cape May County, New Jersey, 08260, United States"
39.277359008789,-74.5711593627929,"813, East 8th Street, Ocean City, Cape May County, New Jersey, 08226, United States"
39.8441314697265,-74.9395446777343,"8, Fairway Drive, Alluvium Woods, Voorhees Township, Camden County, New Jersey, 08043, United States"
39.8989105224609,-74.9823837280273,"105, Europa Boulevard, Cherry Hill Township, Camden County, New Jersey, 08003, United States"
39.8602867126464,-75.0227127075195,"56, River Run, Lawnside, Camden County, New Jersey, 08045, United States"
39.9076614379882,-75.0189666748046,"11, Rose Lane, Cherry Hill Township, Camden County, New Jersey, 08002, United States"
39.8641014099121,-75.0098571777343,"205, Ashland Avenue, Ashland, Cherry Hill Township, Camden County, New Jersey, 08045, United States"
39.8113708496093,-74.9725189208984,"92, Atlantic Avenue, Clementon, Camden County, New Jersey, 08021, United States"
39.9273872375488,-75.0050506591796,"Chapel Avenue West, Cherry Hill Township, Camden County, New Jersey, 08002, United States"
39.9272003173828,-75.0096969604492,"2831, Chapel Avenue West, Cherry Hill Estates, Cherry Hill Township, Camden County, New Jersey, 08002, United States"
40.0306587219238,-75.0823593139648,"1401, East Cheltenham Avenue, Oxford Circle, Philadelphia, Philadelphia County, Pennsylvania, 19149, United States"
40.0169334411621,-75.0747680664062,"1885, Wakeling Street, Philadelphia, Philadelphia County, Pennsylvania, 19124, United States"
39.9144287109375,-74.9829483032226,"1884, Frontage Road, Deerwoods, Cherry Hill Township, Camden County, New Jersey, 08034, United States"
40.0067253112793,-75.0828628540039,"2345, Church Street, Philadelphia, Philadelphia County, Pennsylvania, 19124, United States"
39.9298057556152,-74.9783325195312,"104, Heather Drive, Mount Laurel Township, Burlington County, New Jersey, 08054, United States"
39.9584808349609,-74.9848175048828,"112, Cottage Avenue, Lenola, Moorestown Township, Burlington County, New Jersey, 08057, United States"
40.0101203918457,-75.0667648315429,"2250, Kennedy Street, Fitler, Philadelphia, Philadelphia County, Pennsylvania, 19137, United States"
39.8910408020019,-74.9215774536132,"11, East Main Street, Marlton, Evesham Township, Burlington County, New Jersey, 08053, United States"
39.9370346069335,-74.9300537109375,"West Azalea Lane, Twin Ponds at Birchfield, Birchfield, Mount Laurel Township, Burlington County, New Jersey, 08054, United States"
39.9257316589355,-74.9572219848632,"Staybridge Suites Philadelphia-Mt. Laurel, 4114, Church Road, Fellowship, Mount Laurel Township, Burlington County, New Jersey, 08054, United States"
39.912841796875,-74.9961471557617,"Barclay Tower, 1200, Barclay Walk, Greenhaven, Cherry Hill Township, Camden County, New Jersey, 08034, United States"
39.9247436523437,-74.8838653564453,"651, Mount Laurel Road, Colemantown, Mount Laurel Township, Burlington County, New Jersey, 08054, United States"
39.9150199890136,-74.9492263793945,"Sonesta Simply Suites Philadelphia Mount Laurel, 4000, Crawford Place, Club Villas, Mount Laurel Township, Burlington County, New Jersey, 08054, United States"
39.9257316589355,-74.9572219848632,"Staybridge Suites Philadelphia-Mt. Laurel, 4114, Church Road, Fellowship, Mount Laurel Township, Burlington County, New Jersey, 08054, United States"
39.9379501342773,-75.0257797241211,"Hillview Drive, Hillview Shopping Center, Cherry Hill Estates, Cherry Hill Township, Camden County, New Jersey, 08002, United States"
39.9386405944824,-75.0192718505859,"Kaighns Avenue, Cherry Hill Towers, Cherry Hill Mall, Cherry Hill Township, Camden County, New Jersey, 08002, United States"
39.9348907470703,-75.0091934204101,"99, Snyder Court, Cherry Hill Mall, Cherry Hill Township, Camden County, New Jersey, 08002, United States"
39.6777801513671,-75.0037689208984,"Clayton Avenue, Williamstown, Monroe Township, Gloucester County, New Jersey, 08094, United States"
39.7266082763671,-74.972915649414,"Sicklerville, Winslow Township, Camden County, New Jersey, 08081, United States"
39.6293792724609,-74.9287490844726,"3342, South Black Horse Pike, Monroe Township, Gloucester County, New Jersey, 08094, United States"
39.6582908630371,-74.8535919189453,"Hammonton Road, Winslow Township, Camden County, New Jersey, 08037, United States"
39.8306503295898,-75.1356887817382,"200, Stonybrook Drive, Deptford Township, Gloucester County, New Jersey, 08096, United States"
39.7743415832519,-75.2110900878906,"862, Heritage Road, Mantua Township, Gloucester County, New Jersey, 08080, United States"
39.7749824523925,-75.1449356079101,"Green ""Perimeter"" Trail, Mantua Township, Gloucester County, New Jersey, 08090, United States"
39.8276023864746,-75.0900802612304,"1244, Hurffville Road, Deptford Township, Gloucester County, New Jersey, 08096, United States"
39.8582611083984,-75.1662521362304,"1103, Red Bank Avenue, Verga, West Deptford Township, Gloucester County, New Jersey, 08086, United States"
39.8760528564453,-75.1076354980468,"949, Alcyon Drive, Bellmawr, Camden County, New Jersey, 08031, United States"
39.8103790283203,-75.1788940429687,"362, Parkville Station Road, Parkville, West Deptford Township, Gloucester County, New Jersey, 08096, United States"
39.8748016357421,-75.1137466430664,"1123, Howard Avenue, Bellmawr, Camden County, New Jersey, 08031, United States"
39.8292617797851,-75.1933517456054,"669, Grove Road, West Deptford Township, Gloucester County, New Jersey, 08086, United States"
39.7755889892578,-75.1493911743164,"86, Cape May Avenue, Mantua Township, Gloucester County, New Jersey, 08080, United States"
39.7268753051757,-75.1265869140625,"50, Bellevue Avenue, The Grove, Pitman, Gloucester County, New Jersey, 08071, United States"
39.7039718627929,-75.1296310424804,"326, Franklin Road, Chestnut Ridge, Glassboro, Gloucester County, New Jersey, 08028, United States"
39.7235565185546,-75.0652999877929,"19, Brookside Drive, Crossroads, Washington Township, Gloucester County, New Jersey, 08080, United States"
39.7060012817382,-75.1059112548828,"215, New Street, Glassboro, Gloucester County, New Jersey, 08028, United States"
39.8440399169921,-75.0824890136718,"152, Holly Avenue, Clements Bridge, Runnemede, Camden County, New Jersey, 08078, United States"
39.8611640930175,-75.0252227783203,"298, Ashland Avenue, Lawnside, Camden County, New Jersey, 08045, United States"
39.8576507568359,-75.0344161987304,"157, Lincoln Avenue, Greenland, Magnolia, Camden County, New Jersey, 08049, United States"
40.2517013549804,-74.7652816772461,"1675, 12th Street, Prospect Heights, Ewing Township, Mercer County, New Jersey, 08638, United States"
40.246841430664,-74.7748870849609,"Pennington Road, Weber Park, Ewing Township, Mercer County, New Jersey, 08618, United States"
40.2461357116699,-74.7760162353515,"Pennington Rd at Parkside Ave, Pennington Road, Weber Park, Ewing Township, Mercer County, New Jersey, 08618, United States"
40.3040618896484,-74.8763656616211,"92, River Drive, Titusville, Hopewell Township, Mercer County, New Jersey, 08560, United States"
40.2564582824707,-74.7811660766601,"36, Central Avenue, Ewing Township, Mercer County, New Jersey, 08618, United States"
40.2461318969726,-74.776008605957,"Pennington Rd at Parkside Ave, Pennington Road, Weber Park, Ewing Township, Mercer County, New Jersey, 08618, United States"
40.2885665893554,-74.8564376831054,"Hopewell Township, Mercer County, New Jersey, 18977, United States"
40.2414970397949,-74.7759933471679,"McCarthy Drive, Weber Park, Ewing Township, Mercer County, New Jersey, 08618, United States"
40.0017204284668,-74.7884979248046,"499, Mount View Avenue, Mount Holly Township, Burlington County, New Jersey, 08060, United States"
39.9831619262695,-74.8024215698242,"16, Maple Avenue, Meadowbrook, Lumberton Township, Burlington County, New Jersey, 08048, United States"
39.9919204711914,-74.7987289428711,"235, Chestnut Street, Clermont, Mount Holly Township, Burlington County, New Jersey, 08060, United States"
39.9780311584472,-74.7884368896484,"151, Rambling Road, Meadowbrook, Lumberton Township, Burlington County, New Jersey, 08048, United States"
39.9929542541503,-74.7877426147461,"B-UNO’s, 4, Mill Street, Mount Holly Township, Burlington County, New Jersey, 08060, United States"
40.0164642333984,-74.875,"52, Gallaway Lane, Garfield Park, Willingboro Township, Burlington County, New Jersey, 08046, United States"
39.9990501403808,-74.7868041992187,"139, Broad Street, Mount Holly Township, Burlington County, New Jersey, 08060, United States"
39.9076614379882,-75.0189590454101,"11, Rose Lane, Cherry Hill Township, Camden County, New Jersey, 08002, United States"
39.9373931884765,-75.0235214233398,"Edge Fitness, Hillview Drive, Hillview Shopping Center, Cherry Hill Estates, Cherry Hill Township, Camden County, New Jersey, 08002, United States"
39.9019775390625,-75.0216827392578,"1250, Evans Mill Road, Haddonfield, Camden County, New Jersey, 08034, United States"
39.9376411437988,-75.0198211669921,"Kaighns Avenue, Cherry Hill Towers, Cherry Hill Mall, Cherry Hill Township, Camden County, New Jersey, 08002, United States"
39.8486061096191,-74.8057022094726,"Lexington Court, Brandywine Woods, Medford Township, Burlington County, New Jersey, 08055, United States"
39.9376907348632,-74.7512283325195,"2, Main Street, Vincentown, Southampton Township, Burlington County, New Jersey, 08088, United States"
39.8703689575195,-74.761978149414,"22, Independence Way, Southampton Township, Burlington County, New Jersey, 08088, United States"
39.9161491394043,-74.7864608764648,"431, Willow Lane, Southampton Township, Burlington County, New Jersey, 08088, United States"
39.9461288452148,-74.7950820922851,"61, Bridge Road, Eayrestown, Lumberton Township, Burlington County, New Jersey, 08048, United States"
39.5903511047363,-75.1662673950195,"221, South Main Street, Elmer, Salem County, New Jersey, 08318, United States"
39.7743415832519,-75.2110900878906,"862, Heritage Road, Mantua Township, Gloucester County, New Jersey, 08080, United States"
39.6517295837402,-75.0832366943359,"440, Moore Boulevard, Clayton, Gloucester County, New Jersey, 08312, United States"
40.0164642333984,-74.8749923706054,"54, Gallaway Lane, Garfield Park, Willingboro Township, Burlington County, New Jersey, 08046, United States"
39.9752693176269,-74.6809692382812,"14, Reynolds Street, Pemberton, Burlington County, New Jersey, 08068, United States"
39.9747009277343,-74.6818008422851,"32, Hanover Street, South Pemberton, Pemberton, Burlington County, New Jersey, 08068, United States"
39.9816398620605,-74.6772003173828,"12, Morton Road, Conical Corners, Pemberton, Burlington County, New Jersey, 08068, United States"
39.994571685791,-74.7999572753906,"Rancocas Road, Clermont, Mount Holly Township, Burlington County, New Jersey, 08060, United States"
39.9758987426757,-74.6795883178711,"22, St John Street, Pemberton, Burlington County, New Jersey, 08068, United States"
